{"Groups":[
  {
    "UniqueId": "Group-1",
    "Title": "China",
    "Subtitle": "",
    "ImagePath": "Assets/China.jpg",
    "Description" : "Group Description: Lorem ipsum dolor sit amet, consectetur adipiscing elit. Vivamus tempor scelerisque lorem in vehicula. Aliquam tincidunt, lacus ut sagittis tristique, turpis massa volutpat augue, eu rutrum ligula ante a ante",
    "Items":
    [
      {
        "UniqueId": "Group-1-Item-1",
        "Title": "Tibet",
        "Subtitle": "The Nearest Place To The Heaven",
        "ImagePath": "Assets/xizang.jpg",
        "Description" : "Item Description: Pellentesque porta, mauris quis interdum vehicula, urna sapien ultrices velit, nec venenatis dui odio in augue. Cras posuere, enim a cursus convallis, neque turpis malesuada erat, ut adipiscing neque tortor ac erat.",
        "Content" : "Tibet borders the Xinjiang Uygur Autonomous Region to the north, northeast, East connecting Qinghai, Sichuan Province, and Yunnan province to the southeast; on the south by Burma, India, and Western Bhutan, Sikkim and Kashmir and other countries and regions. Since ancient times, the people of this land to create a rich and splendid culture. The Qinghai Tibet Plateau Uplift in the late, is the largest and highest plateau in the world, so it is called the roof of the world, the Tibet plateau is located in the Qinghai Tibet Plateau in the subject position. There are many belong to the boreal and temperate, subtropical and tropical plants and many rare wild animals."
		},
      {
        "UniqueId": "Group-1-Item-2",
        "Title": "Terrace",
        "Subtitle": "Levels Of Beauty",
        "ImagePath": "Assets/gugong.jpg",
        "Description" : "Item Description: Pellentesque porta, mauris quis interdum vehicula, urna sapien ultrices velit, nec venenatis dui odio in augue. Cras posuere, enim a cursus convallis, neque turpis malesuada erat, ut adipiscing neque tortor ac erat.",
        "Content" : "Yuanyang terrace is located in Yuanyang County of Yunnan Province in southern part of Ailaoshan Hani people from generation to generation, is left behind. Yuanyang Hani terraced fields with the cultivation of the suit one's measures to local conditions, topography, slope land is cultivated field, steep slope and small reclaims Xiaotian, even under the ridge edge stone gap also open field, so big, hundreds of acres of terraced fields were only a small fan, often have tens of thousands of acres of slope."
		},
      {
        "UniqueId": "Group-1-Item-3",
        "Title": "The_Imperial_Place",
        "Subtitle": "The Most Beautiful City",
        "ImagePath": "Assets/hainan.png",
        "Description" : "Item Description: Pellentesque porta, mauris quis interdum vehicula, urna sapien ultrices velit, nec venenatis dui odio in augue. Cras posuere, enim a cursus convallis, neque turpis malesuada erat, ut adipiscing neque tortor ac erat.",
        "Content" : "The the Imperial Palace was built in the year 1406, 1420 basically completed, is the Ming Dynasty Yongle Emperor Yongle built. Miyagi surrounded by 12 meters high, 3400 meters long wall, the form of a rectangular City, outside the wall is 52 meters wide moat, forming a strong castle. The the Imperial Palace palace buildings are wooden structures, yellow glazed tile roof, green Whitehead base, decorated with golden color. The the Imperial Palace has 4 main entrance gate, a gate, east gate, Donghua gate, west gate Xihua gate, North Gate Shenwu gate. In the face of North Gate Shenwu men, useful soil, stone into the Jingshan Hill, the mountain is covered with pine forest. In the overall layout, Jingshan Hill is the the Imperial Palace buildings barrier."
		},
      {
        "UniqueId": "Group-1-Item-4",
        "Title": "The_West_Lake",
        "Subtitle": "The Still Water",
        "ImagePath": "Assets/yunnan.png",
        "Description" : "Item Description: Pellentesque porta, mauris quis interdum vehicula, urna sapien ultrices velit, nec venenatis dui odio in augue. Cras posuere, enim a cursus convallis, neque turpis malesuada erat, ut adipiscing neque tortor ac erat.",
        "Content" : "West Lake is surrounded on three sides by mountains, an area of about 6.39 square kilometers, about 2.8 kilometers wide, North and South long approximately 3.2 kilometers, nearly a week around the lake 15 km. The lake is hill, Bai causeways, separated by size, Yang Gongdi, respectively, West Lake, West Lake, North Lake, a small lake and Yue Lake five water, Sir Georg Solti, Bai Causeway across the lake, small Yingzhou, pavilion, Ruan Gongdunsan islets on the West Lake lake, Leifeng Pagoda and gem mountain sunset the Baochu pagoda mountain across the lake , which formed the basic pattern of one mountain, two tower, Mishima, Di, three lakes ."
		},
      {
        "UniqueId": "Group-1-Item-5",
        "Title": "Xishuangbanna",
        "Subtitle": "Summer Day",
        "ImagePath": "Assets/zhangjiajie.jpg",
        "Description" : "Item Description: Pellentesque porta, mauris quis interdum vehicula, urna sapien ultrices velit, nec venenatis dui odio in augue. Cras posuere, enim a cursus convallis, neque turpis malesuada erat, ut adipiscing neque tortor ac erat.",
        "Content" : "Xishuangbanna landform is low mountain and hilly area, altitude 800 ~ 1300 meters in low mountain area, accounting for 65.3% of the total area of Xishuangbanna in Xishuangbanna, constitute the main landform pattern. Low hilly area is at an elevation of 500 ~ 800 meters, accounting for 19.4% of Xishuangbanna. 1300 ~ 2500 meters in Zhongshan area accounted for 10.6%. Intermontane basin and valley area, accounted for only 4.7% of Xishuangbanna. Xishuangbanna of more than 1 square kilometers in 49, mixed with the largest basin Mengzhe - Meng, an area of 229 square kilometers, the rest are in the following 100 square kilometers, of which 10 ~ 99 square kilometers of the basin has a total of 19, the total area of 684.2 square kilometers."
		 }
    ]
  },
  {
    "UniqueId": "Group-2",
    "Title": "America",
    "Subtitle": "",
    "ImagePath": "Assets/America.jpg",
    "Description" : "Group Description: Lorem ipsum dolor sit amet, consectetur adipiscing elit. Vivamus tempor scelerisque lorem in vehicula. Aliquam tincidunt, lacus ut sagittis tristique, turpis massa volutpat augue, eu rutrum ligula ante a ante",
    "Items":
    [
      {
        "UniqueId": "Group-2-Item-1",
        "Title": "Colorado",
        "Subtitle": "So Wonderful",
        "ImagePath": "Assets/Colorado.png",
        "Description" : "Item Description: Pellentesque porta, mauris quis interdum vehicula, urna sapien ultrices velit, nec venenatis dui odio in augue. Cras posuere, enim a cursus convallis, neque turpis malesuada erat, ut adipiscing neque tortor ac erat.",
        "Content" : "The Grand Canyon is the masterpiece of the Colorado river. The river originates in the Colorado Rockies, flood rush down through Utah, Arizona, from California, California Bay, a total length of 2320 km. Colorado, in Spanish, meaning the red, this is due to the large number of river sediment entrainment, the river often marked red, it has this name, in the Grand Canyon, there are 75 species of mammals, 50 species of amphibians and reptiles, 25 species of fish and more than 300 species of birds. The National Park is a lot of animals in the park."
		},
      {
        "UniqueId": "Group-2-Item-2",
        "Title": "Hawaii",
        "Subtitle": "The Beauty To Me",
        "ImagePath": "Assets/Hawaii.png",
        "Description" : "Item Description: Pellentesque porta, mauris quis interdum vehicula, urna sapien ultrices velit, nec venenatis dui odio in augue. Cras posuere, enim a cursus convallis, neque turpis malesuada erat, ut adipiscing neque tortor ac erat.",
        "Content" : "Hawaii American only islands, an archipelago of 132 islands in the central Pacific ocean. The capital is located on the island of Oahu in honolulu. The earliest inhabitants of Polynesians, after 1778, Asian immigrants gradually moved to europe. Built in 1795, the kingdom of Hawaii. 1898 American annexation. In 1900, part of the United states. The United States in 1959 to become the fiftieth state. The residents in Europe, whitening and Japanese people most, followed by mixed, Filipino and chinese. Hawaii is the only state American islands, an archipelago of 132 islands in the central Pacific ocean. Land area of 16700 square kilometers. Hawaii is an island climate, year-round monsoon regulation, annual temperature is about 26 degrees Celsius to 31 degrees."
		},
      {
        "UniqueId": "Group-2-Item-3",
        "Title": "Las_Vegas",
        "Subtitle": "The Secret Of Sun",
        "ImagePath": "Assets/Las_Vegas.jpg",
        "Description" : "Item Description: Pellentesque porta, mauris quis interdum vehicula, urna sapien ultrices velit, nec venenatis dui odio in augue. Cras posuere, enim a cursus convallis, neque turpis malesuada erat, ut adipiscing neque tortor ac erat.",
        "Content" : "Located in Las Vegas, Nevada, surrounded by desert and Gobi area of rocky valley area, little rain, hot summer and cold winter, and more sand, occasionally heavy rain will lead to floods. Urban elevated railway. The total area of 293.6Km , the average population density of 1630 Km, whites accounted for about 70%, 23% were Hispanic whites, blacks accounted for 10%, accounted for 5% of Asians, in addition to doing business in Chinatown outside yellow, in the casino licensing in many Asian people."
		}
    ]
  },
  {
    "UniqueId": "Group-3",
    "Title": "Australia",
    "Subtitle": "",
    "ImagePath": "Assets/Australia.jpg",
    "Description" : "Group Description: Lorem ipsum dolor sit amet, consectetur adipiscing elit. Vivamus tempor scelerisque lorem in vehicula. Aliquam tincidunt, lacus ut sagittis tristique, turpis massa volutpat augue, eu rutrum ligula ante a ante",
    "Items":
    [
      {
        "UniqueId": "Group-3-Item-1",
        "Title": "Fleurieu_Peninsula",
        "Subtitle": "The Maverick",
        "ImagePath": "Assets/Fleurieu_Peninsula.jpg",
        "Description" : "Item Description: Pellentesque porta, mauris quis interdum vehicula, urna sapien ultrices velit, nec venenatis dui odio in augue. Cras posuere, enim a cursus convallis, neque turpis malesuada erat, ut adipiscing neque tortor ac erat.",
        "Content" : "Phil: there is a glorious coastline and popular beach, suitable for all levels of experience nearshore surf surfer. It is also a diving and snorkeling paradise, mysterious and charming shipwreck marine wildlife, including the famous Ye Hailong, the great southern right whale. Also in the winter here. It is also the best number of agricultural products and the vineyard is located. Be well-known, far and near the McLaren Vale, blue Hanxi and money Creek wine region is here. Here, you can also choose to explore the National Park, at the top of their game of golf, or immersed in high quality food. In addition, Phil Ze Weiss Cape Peninsula is the only place you can take the ferry to the Kangaroo Island."
		},
      {
        "UniqueId": "Group-3-Item-2",
        "Title": "Flinders_Range",
        "Subtitle": "The Strongest",
        "ImagePath": "Assets/Flinders_Range.jpg",
        "Description" : "Item Description: Pellentesque porta, mauris quis interdum vehicula, urna sapien ultrices velit, nec venenatis dui odio in augue. Cras posuere, enim a cursus convallis, neque turpis malesuada erat, ut adipiscing neque tortor ac erat.",
        "Content" : "The Flinders Ranges: the mountain is mountain flowers, surrounded by several ancient towns, including the Coober Pedy opal mining center, personally selected opal mining. The magnificent ancient Flinders Ranges across the three country parks, extending 430 kilometers from crystal brook to Kalabona lake, there is one of the most ancient landform in the world, but also to the essence of the inland. There are steep ridges and peaks, covered with green trees and red clay Creek Canyon, and Aboriginal legend says that the landscape here is the serpent and the giant building. Here is a colourful parrot, the Yellow footed rock wallabies, kangaroos and EMUs and Australia's largest bird wedge tailed Eagle paradise."
		 },
      {
        "UniqueId": "Group-3-Item-3",
        "Title": "KangrooIsland",
        "Subtitle": "The Smart",
        "ImagePath": "Assets/KangrooIsland.jpg",
        "Description" : "Item Description: Pellentesque porta, mauris quis interdum vehicula, urna sapien ultrices velit, nec venenatis dui odio in augue. Cras posuere, enim a cursus convallis, neque turpis malesuada erat, ut adipiscing neque tortor ac erat.",
        "Content" : "Kangaroo Island is the third largest island in Australia:, has also been the National Geographic magazine named the first Asia Pacific island. There is a secluded beach, Gulf Breeze was Australia's best beach selection list. Here, long coastline, the precipitous rock faces and sheer cliffs towering, majestic natural wonders of nature loving tourists enjoy enough to explore; and unique wild animal such as a kangaroo, koala, penguins, Sha Daishu wild, sea lions, seals, can close association with humans, so Kangaroo Island was vividly called no fence zoo. In addition to the ranch, the shepherd, beekeepers and wine production delicious local specialties is well known in the world here. A k. A kind of restaurants and shops selling local art town. You can use several methods to appreciate the glamour of Kangaroo Island, really enjoy this beautiful island."
		},
      {
        "UniqueId": "Group-3-Item-4",
        "Title": "Outback",
        "Subtitle": "The Welfare",
        "ImagePath": "Assets/Outback.jpg",
        "Description" : "Item Description: Pellentesque porta, mauris quis interdum vehicula, urna sapien ultrices velit, nec venenatis dui odio in augue. Cras posuere, enim a cursus convallis, neque turpis malesuada erat, ut adipiscing neque tortor ac erat.",
        "Content" : "Interior: Australia is the most legendary area, not only has a vast spectacular scenery, and the sky boundless horizon, simple town and people, there is a famous natural scenery and historical culture in 45000. For many people, even for the Australians, inland is an unknown and mysterious area, so it is an ideal location of South Australia, explore the interior. Via the Explorer Road, drove through the inland and Australia's red centre, Darwin to advance, can understand the rich tradition of indigenous communities of the inland."
		},
     
      {
        "UniqueId": "Group-3-Item-7",
        "Title": "Switzerland",
        "Subtitle": "The Cold",
        "ImagePath": "Assets/Switzerland.jpg",
        "Description" : "Item Description: Pellentesque porta, mauris quis interdum vehicula, urna sapien ultrices velit, nec venenatis dui odio in augue. Cras posuere, enim a cursus convallis, neque turpis malesuada erat, ut adipiscing neque tortor ac erat.",
        "Content" : "Switzerland is rich in tourism resources, the world park reputation; Bern is the seat of government of armed neutrality, a long history, since 1815 has never been involved in the international war. The Swiss also participate in international affairs, many international organizations have their headquarters in switzerland. Switzerland is a highly developed country per capita economic has been in the forefront of the world. In 2010 the per capita income ranked fourth in the world in Europe third behind Luxemburg and Norway. Switzerland is one of the most stable economies in the world. Security system its policy of long-term, safety of the financial system and the Bank of Switzerland as a safe haven for investors tax avoidance. Switzerland is one of the richest countries in the world, per capita income ranks highest in the world. With a developed financial industry, the service industry also plays an important role in the Swiss economy."
		}
    ]
  },
  {
    "UniqueId": "Group-4",
    "Title": "Italy",
    "Subtitle": "",
    "ImagePath": "Assets/Italy.jpg",
    "Description" : "Group Description: Lorem ipsum dolor sit amet, consectetur adipiscing elit. Vivamus tempor scelerisque lorem in vehicula. Aliquam tincidunt, lacus ut sagittis tristique, turpis massa volutpat augue, eu rutrum ligula ante a ante",
    "Items":
    [
      {
        "UniqueId": "Group-4-Item-1",
        "Title": "Florence",
        "Subtitle": "The FeiLengCui",
        "ImagePath": "Assets/Florence.jpg",
        "Description" : "Item Description: Pellentesque porta, mauris quis interdum vehicula, urna sapien ultrices velit, nec venenatis dui odio in augue. Cras posuere, enim a cursus convallis, neque turpis malesuada erat, ut adipiscing neque tortor ac erat.",
        "Content" : "a city of flowers in Florence is the birthplace of the Renaissance, Da Vinci, Michelangelo, Dante and other masters of the hometown, has many museums, art galleries, palaces and churches, known as the western athens. One of the most famous scenic spots are: the Duomo: located in the city center, the church was built in 1296, climbed up the big dome, can enjoy the panoramic view of Florence. Michelangelo square, was built in 1806, David statue stands in the center of the square, the evening view of the Arno River, cathedral, bell tower, charming scenery, the mountains are famous San Miniato church. Leaning Tower of Pisa, one of the world heritage, was built in 1174, 55 meters high tower, the surface subsidence tilt of 1.2 mm per year, according to the speed of calculation, and may collapse in 200 - 1000."
		},
      {
        "UniqueId": "Group-4-Item-2",
        "Title": "Rome",
        "Subtitle": "The Amazement",
        "ImagePath": "Assets/Rome.png",
        "Description" : "Item Description: Pellentesque porta, mauris quis interdum vehicula, urna sapien ultrices velit, nec venenatis dui odio in augue. Cras posuere, enim a cursus convallis, neque turpis malesuada erat, ut adipiscing neque tortor ac erat.",
        "Content" : "the capital city of Rome, the birthplace of the ancient Rome Empire, one of the treasure house of art of the renaissance. Throughout the city sculptures, fountains, churches, monasteries everywhere, there is a masterpiece of art. One of the most famous attractions: Pantheon: is the only to preserve the integrity of the Empire of Rome ancient architecture, through the 18 century is still intact, the burial of Rafael and other great artists, known as the angel of the design. Colosseum: Rome is one of the greatest building era, an amphitheater is intact, can accommodate up to 55000 people. Capitoline square, designed by Michelangelo, a radial geometry on the ground, mainly has the God emperor horse statue of the God of wisdom, the Tiber River side of the three statue. Venice Square: the square area is ancient Rome Civic Center Plaza, the main building is the Victor Emmanuel Memorial Hall and the Palace Venezia."
		},
      {
        "UniqueId": "Group-4-Item-3",
        "Title": "Venice",
        "Subtitle": "The Strange",
        "ImagePath": "Assets/Venice.jpg",
        "Description" : "Item Description: Pellentesque porta, mauris quis interdum vehicula, urna sapien ultrices velit, nec venenatis dui odio in augue. Cras posuere, enim a cursus convallis, neque turpis malesuada erat, ut adipiscing neque tortor ac erat.",
        "Content" : "a total of 118 Venice Island 117 channel, 2300 lane, 400 bridges. The existing more than 400 palaces, 120 churches, 120 towers, 64. One of the most famous attractions: San Marcos Cathedral, stands in the center of Plazza San Marco, founded in the year 829 ad. The scenery along the canal: take water bus tour for S type canal 3800 meters, can appreciate the rich Venice style."
		},
      {
        "UniqueId": "Group-4-Item-4",
        "Title": "Eiffel",
        "Subtitle": "The High",
        "ImagePath": "Assets/Eiffel.png",
        "Description" : "Item Description: Pellentesque porta, mauris quis interdum vehicula, urna sapien ultrices velit, nec venenatis dui odio in augue. Cras posuere, enim a cursus convallis, neque turpis malesuada erat, ut adipiscing neque tortor ac erat.",
        "Content" : "The Eiffel Tower stands in Paris in France on the Champ de Mars, is the famous buildings in the world, but also a symbol of French culture, Paris city landmark, is the tallest building in Paris, 300 meters high, the antenna 24 meters high, 324 meters high, was built in 1889, is named for the design of the famous architect, structural engineer Gustav Eiffel. The tower design is novel and unique, is a masterpiece of architectural history of the world, is an important tourist attraction in Paris France and prominent symbol.In May 15, 1889, cut the ribbon for World Expo opening ceremony, the tower designer Gustav Eiffel personally French flag on the tower 300 meters high, therefore, the people in order to commemorate him to France and Paris this contribution, especially under the tower as he made a bronze bust."
      },
      
      {
        "UniqueId": "Group-4-Item-6",
        "Title": "Berlin",
        "Subtitle": "The Change",
        "ImagePath": "Assets/Berlin.jpg",
        "Description" : "Item Description: Pellentesque porta, mauris quis interdum vehicula, urna sapien ultrices velit, nec venenatis dui odio in augue. Cras posuere, enim a cursus convallis, neque turpis malesuada erat, ut adipiscing neque tortor ac erat.",
        "Content" : "Berlin became the capital of the continuous state: the kingdom of Prussia (1701 1870 years (1871), the German Empire 1918 years), the Republic of Weimar (1919 1933 years), Nazi Germany (1933 1945 years). In the 1920's, Berlin is the world's third largest municipality. After the Second World War, the city was divided into East; East Berlin and West Berlin, West Germany in fact become an enclave in the East, by the Berlin wall. Until 1990 two German reunification, the city regained all the German capital status in 147 foreign embassies. Berlin from the cultural, political, media and scientifically are known as a world class city. Berlin played a continental European aviation and railway transport hub role, and one of the number of cities it is also the most tourists. Berlin has developed into a global focus city, famous for advocating free way of life and the spirit of modern young people and artists."
		 }
    ]
  },
  {
    "UniqueId": "Group-5",
    "Title": "New Zealand",
    "Subtitle": "",
    "ImagePath": "Assets/New_Zealand.jpg",
    "Description" : "Group Description: Lorem ipsum dolor sit amet, consectetur adipiscing elit. Vivamus tempor scelerisque lorem in vehicula. Aliquam tincidunt, lacus ut sagittis tristique, turpis massa volutpat augue, eu rutrum ligula ante a ante",
    "Items":
    [
      {
        "UniqueId": "Group-5-Item-1",
        "Title": "Oakland",
        "Subtitle": "The Ridiculous",
        "ImagePath": "Assets/Oakland.jpg",
        "Description" : "Item Description: Pellentesque porta, mauris quis interdum vehicula, urna sapien ultrices velit, nec venenatis dui odio in augue. Cras posuere, enim a cursus convallis, neque turpis malesuada erat, ut adipiscing neque tortor ac erat.",
        "Content" : "The capital of New Zealand earlier in Oakland, but in 1865 moved to the southern tip of the North Island of Wellington. Oakland remains today as one of New Zealand's most developed regions, but also the hub of the South Pacific, the main place of immigration. In 2015 the world's best cities to live in the selection, Oakland is at the third place in the world, this is the three consecutive years of Oakland was named the world's most suitable cities in the top three."
		 },
      {
        "UniqueId": "Group-5-Item-2",
        "Title": "Queenstown",
        "Subtitle": "The Peace",
        "ImagePath": "Assets/Queenstown.jpg",
        "Description" : "Item Description: Pellentesque porta, mauris quis interdum vehicula, urna sapien ultrices velit, nec venenatis dui odio in augue. Cras posuere, enim a cursus convallis, neque turpis malesuada erat, ut adipiscing neque tortor ac erat.",
        "Content" : "New Zealand Queenstown is a beautiful town surrounded by south of the Alps, is a beautiful city with. Queenstown is the perfect place to visit all the summer sun, blue sky, red and yellow leaves of autumn dyed colorful appearance, clear sunny winter weather, there are large areas of snow covered mountains, and the spring is a hundred flowers in full bloom day. The four seasons, each has a distinct appearance. Urban areas in the vicinity of the Lake Wakatipu is a deep blue lake. The magnificent mountains covered with snow a few green brown mountains embellishment in the background. From Queenstown to the top of the hill, it is a green color."
		},
      {
        "UniqueId": "Group-5-Item-3",
        "Title": "The_South_Island",
        "Subtitle": "The Queen",
        "ImagePath": "Assets/The_South_Island.jpg",
        "Description" : "Item Description: Pellentesque porta, mauris quis interdum vehicula, urna sapien ultrices velit, nec venenatis dui odio in augue. Cras posuere, enim a cursus convallis, neque turpis malesuada erat, ut adipiscing neque tortor ac erat.",
        "Content" : "In New Zealand, the picturesque island, by Kitajima, the South Island and other islands, a total area of 268000 square kilometers. Kitajima close to the tropical climate, year-round spring, the New Zealand population living in the 3/4. Although the South and Kitajima is just across the river, but a very different kind of climate, four seasons, the population is very small. In the south, you can see the snow capped mountains, quiet Fjord, clear ice, the vast plains of western natural beauty, and even called the world but only the north and South outside of the pure land."
		 },
      {
        "UniqueId": "Group-5-Item-4",
        "Title": "Wanaka",
        "Subtitle": "The Happiness",
        "ImagePath": "Assets/Wanaka.jpg",
        "Description" : "Item Description: Pellentesque porta, mauris quis interdum vehicula, urna sapien ultrices velit, nec venenatis dui odio in augue. Cras posuere, enim a cursus convallis, neque turpis malesuada erat, ut adipiscing neque tortor ac erat.",
        "Content" : "Town Lake Wanaka is located in the South Island of New Zealand Lake Wanaka, offers exquisite life, family entertainment and adventure enchanting combination. There are many interesting shops, restaurants and Coffee museum. Obviously, Wanaka areas like air. At the airport, you can arrange sightseeing flight or parachute. The town is held once every two years to fly a spectacular exhibition, exhibition in the classic military aircraft as the main content."
		}
    ]
  },
  {
    "UniqueId": "Group-6",
    "Title": "Thailand",
    "Subtitle": "",
    "ImagePath": "Assets/Thailand.png",
    "Description" : "Group Description: Lorem ipsum dolor sit amet, consectetur adipiscing elit. Vivamus tempor scelerisque lorem in vehicula. Aliquam tincidunt, lacus ut sagittis tristique, turpis massa volutpat augue, eu rutrum ligula ante a ante",
    "Items":
    [
      {
        "UniqueId": "Group-6-Item-1",
        "Title": "Bangkok",
        "Subtitle": "The  Unique",
        "ImagePath": "Assets/Bangkok.jpg",
        "Description" : "Item Description: Pellentesque porta, mauris quis interdum vehicula, urna sapien ultrices velit, nec venenatis dui odio in augue. Cras posuere, enim a cursus convallis, neque turpis malesuada erat, ut adipiscing neque tortor ac erat.",
        "Content" : "Bangkok is a bustling metropolis, the integration of eastern and Western culture. Precious metals and gems trading center. Thailand accounts for 44% of the total economy, Thailand Bangkok port bear 90% of the foreign trade. Bangkok's tourist industry is very developed, was selected as the 2013 of the world's most popular tourist city.Bangkok is one of international activity center, there are a variety of International Conference on up to two, three hundred of the annual. Regional office for the city is the headquarters of the United Nations, ESCAP Committee of the world bank and the World Health Organization, the International Labour Organization and more than 20 international organizations. Bangkok is known as the world of Buddhism, Buddhist Association headquarters and the Asian Institute of technology is located."
		},
      {
        "UniqueId": "Group-6-Item-2",
        "Title": "Chiang_Mai",
        "Subtitle": "The Terrific",
        "ImagePath": "Assets/Chiang_Mai.jpg",
        "Description" : "Item Description: Pellentesque porta, mauris quis interdum vehicula, urna sapien ultrices velit, nec venenatis dui odio in augue. Cras posuere, enim a cursus convallis, neque turpis malesuada erat, ut adipiscing neque tortor ac erat.",
        "Content" : "Chiang Mai, covering an area of 20107 square kilometers, is the second largest city in Thailand, is the capital of Chiang Mai in northern Thailand, is the political, economic, cultural center, which developed after the capital bangkok. The city has beautiful scenery, planted flowers, especially to the most famous rose. Chiang Mai's natural environment, with an average altitude of 300 meters, is the Thailand plateau city, cool climate, is a famous summer resort. East West Yingtanang Kun Dan mountains, mountains, peaks over 2000 meters above the peak, Yingtanang peak is the highest peak, 2576 meters above sea level. For Penn Central River Basin. Forest area of 16700 square kilometers, accounting for 73% of all government land."
		},
      {
        "UniqueId": "Group-6-Item-3",
        "Title": "Phuket_Island",
        "Subtitle": "The Pretty",
        "ImagePath": "Assets/Phuket_Island.jpg",
        "Description" : "Item Description: Pellentesque porta, mauris quis interdum vehicula, urna sapien ultrices velit, nec venenatis dui odio in augue. Cras posuere, enim a cursus convallis, neque turpis malesuada erat, ut adipiscing neque tortor ac erat.",
        "Content" : "Phuket Island, South Thailand Island, located in the west coast of the Malay Peninsula in southern Thailand's Andaman sea. The capital of Phuket Town is located in the southeast of the island, is a major port and commercial center. The Phuket Island is Thailand's largest island, is a minimum of Thailand province. With its charming scenery and rich tourism resources, known as the Pearl of Dammam sea. Phuket Island is rich in natural resources. The main mineral is also rich in tin, rubber, seafood and fruits. The island of industrial and commercial, tourism is developed."
		},
      {
        "UniqueId": "Group-6-Item-4",
        "Title": "Taj_Mahal",
        "Subtitle": "The Goddess",
        "ImagePath": "Assets/Taj_Mahal.jpg",
        "Description" : "Item Description: Pellentesque porta, mauris quis interdum vehicula, urna sapien ultrices velit, nec venenatis dui odio in augue. Cras posuere, enim a cursus convallis, neque turpis malesuada erat, ut adipiscing neque tortor ac erat.",
        "Content" : "Taj Mahal is Shah Jahan in memory of his second wife Mumtaz Mahal built. In 1631 the salmon died in their fourteenth child was born, when he was 39 years old. Shah Jahan very sad, it is said that overnight white hair. The same year the mausoleum built at that time, many artisans are from europe. It wasn't until 1653 that tomb was built. Of course, expensive. Legend, Shah Jahan wanted to build a Taj Mahal and the same on the other side of the river, but the black marble tomb, but because of his age his son was trapped, so it can't achieve."
		 },
      
      {
        "UniqueId": "Group-6-Item-8",
        "Title": "Norway",
        "Subtitle": "The Moon",
        "ImagePath": "Assets/Star.jpg",
        "Description" : "Item Description: Pellentesque porta, mauris quis interdum vehicula, urna sapien ultrices velit, nec venenatis dui odio in augue. Cras posuere, enim a cursus convallis, neque turpis malesuada erat, ut adipiscing neque tortor ac erat.",
        "Content" : "Norway, located in the northwest of northern Scandinavia Peninsula, the West and Weihai, and Denmark across the sea. The land area of 385155 square kilometers, including the archipelago of Svalbard, Jan Mayen and other possessions. Located in the west of northern Scandinavia Peninsula, east of northeast border with Sweden, Finland and Russia, south across the sea with Denmark and Weihai on the West.I wanted to, I'm all stars are collected, the string them into a chain to put on the body. But sometimes, the stars and you play hide and seek, hide in the clouds do not come out, let you in any case can not find her nowhere. Naughty little stars in the night sky is blue and a curve as darkness fell, and the stars in the sky suddenly lively. Rainy night, stars are always late. Is the moon sister kept urging, before slowly walked out of the house, like the great injustice like."
		}
    ]
  }
]
}